time	species	prob	err
Fri Mar 24 16:07:45 AEST 2017	Halobacillus impressions halophilus	0.054365861491907	0.025515450502502993
Fri Mar 24 16:07:45 AEST 2017	Bacillus impressions subtilis	0.19980567132269228	0.025515450502503007