time	species	prob	err
Fri Mar 24 16:07:45 AEST 2017	Halobacillus revenue halophilus	0.1004365861491907	0.025515450502502993
Fri Mar 24 16:07:45 AEST 2017	Bacillus revenue subtilis	0.19980567132269228	0.025515450502503007